Assembly Accession	Assembly Unplaced Count	Assembly-unit accession	Chromosome name	GC Count	GC Percent	GenBank seq accession	Molecule type	Ordering	RefSeq seq accession	Role	Seq length	UCSC style name	Unlocalized Count
GCF_000001405.26		Primary Assembly	1	103674491	41.5	CM000663.2	Chromosome		NC_000001.11	assembled-molecule	248956422	chr1	9
GCF_000001405.26		Primary Assembly	2	101284083	40	CM000664.2	Chromosome		NC_000002.12	assembled-molecule	242193529	chr2	2
GCF_000001405.26		Primary Assembly	3	91922884	39.5	CM000665.2	Chromosome		NC_000003.12	assembled-molecule	198295559	chr3	1
GCF_000001405.26		Primary Assembly	4	76972588	38	CM000666.2	Chromosome		NC_000004.12	assembled-molecule	190214555	chr4	1
GCF_000001405.26		Primary Assembly	5	93718374	39	CM000667.2	Chromosome		NC_000005.10	assembled-molecule	181538259	chr5	1
GCF_000001405.26		Primary Assembly	6	68907366	39.5	CM000668.2	Chromosome		NC_000006.12	assembled-molecule	170805979	chr6	
GCF_000001405.26		Primary Assembly	7	70693857	40.5	CM000669.2	Chromosome		NC_000007.14	assembled-molecule	159345973	chr7	
GCF_000001405.26		Primary Assembly	8	76166139	40	CM000670.2	Chromosome		NC_000008.11	assembled-molecule	145138636	chr8	
GCF_000001405.26		Primary Assembly	9	52944769	41	CM000671.2	Chromosome		NC_000009.12	assembled-molecule	138394717	chr9	4
GCF_000001405.26		Primary Assembly	10	59342366	41	CM000672.2	Chromosome		NC_000010.11	assembled-molecule	133797422	chr10	
GCF_000001405.26		Primary Assembly	11	70204082	41.5	CM000673.2	Chromosome		NC_000011.10	assembled-molecule	135086622	chr11	1
GCF_000001405.26		Primary Assembly	12	58038673	40.5	CM000674.2	Chromosome		NC_000012.12	assembled-molecule	133275309	chr12	
GCF_000001405.26		Primary Assembly	13	38619357	38.5	CM000675.2	Chromosome		NC_000013.11	assembled-molecule	114364328	chr13	
GCF_000001405.26		Primary Assembly	14	45815948	40.5	CM000676.2	Chromosome		NC_000014.9	assembled-molecule	107043718	chr14	8
GCF_000001405.26		Primary Assembly	15	46742416	42	CM000677.2	Chromosome		NC_000015.10	assembled-molecule	101991189	chr15	1
GCF_000001405.26		Primary Assembly	16	48251436	44.5	CM000678.2	Chromosome		NC_000016.10	assembled-molecule	90338345	chr16	1
GCF_000001405.26		Primary Assembly	17	46714680	45	CM000679.2	Chromosome		NC_000017.11	assembled-molecule	83257441	chr17	3
GCF_000001405.26		Primary Assembly	18	40613699	39.5	CM000680.2	Chromosome		NC_000018.10	assembled-molecule	80373285	chr18	
GCF_000001405.26		Primary Assembly	19	32693605	47.5	CM000681.2	Chromosome		NC_000019.10	assembled-molecule	58617616	chr19	
GCF_000001405.26		Primary Assembly	20	28406612	43.5	CM000682.2	Chromosome		NC_000020.11	assembled-molecule	64444167	chr20	
GCF_000001405.26		Primary Assembly	21	18981353	41	CM000683.2	Chromosome		NC_000021.9	assembled-molecule	46709983	chr21	
GCF_000001405.26		Primary Assembly	22	20315771	47	CM000684.2	Chromosome		NC_000022.11	assembled-molecule	50818468	chr22	9
GCF_000001405.26		Primary Assembly	X	67807309	39.5	CM000685.2	Chromosome		NC_000023.11	assembled-molecule	156040895	chrX	
GCF_000001405.26		Primary Assembly	Y	10963787	40	CM000686.2	Chromosome		NC_000024.10	assembled-molecule	57227415	chrY	1
GCF_000001405.26		Primary Assembly	1			KI270706.1	Chromosome		NT_187361.1	unlocalized-scaffold	175055	chr1_KI270706v1_random	9
GCF_000001405.26		Primary Assembly	1			KI270707.1	Chromosome		NT_187362.1	unlocalized-scaffold	32032	chr1_KI270707v1_random	9
GCF_000001405.26		Primary Assembly	1			KI270708.1	Chromosome		NT_187363.1	unlocalized-scaffold	127682	chr1_KI270708v1_random	9
GCF_000001405.26		Primary Assembly	1			KI270709.1	Chromosome		NT_187364.1	unlocalized-scaffold	66860	chr1_KI270709v1_random	9
GCF_000001405.26		Primary Assembly	1			KI270710.1	Chromosome		NT_187365.1	unlocalized-scaffold	40176	chr1_KI270710v1_random	9
GCF_000001405.26		Primary Assembly	1			KI270711.1	Chromosome		NT_187366.1	unlocalized-scaffold	42210	chr1_KI270711v1_random	9
GCF_000001405.26		Primary Assembly	1			KI270712.1	Chromosome		NT_187367.1	unlocalized-scaffold	176043	chr1_KI270712v1_random	9
GCF_000001405.26		Primary Assembly	1			KI270713.1	Chromosome		NT_187368.1	unlocalized-scaffold	40745	chr1_KI270713v1_random	9
GCF_000001405.26		Primary Assembly	1			KI270714.1	Chromosome		NT_187369.1	unlocalized-scaffold	41717	chr1_KI270714v1_random	9
GCF_000001405.26		Primary Assembly	2			KI270715.1	Chromosome		NT_187370.1	unlocalized-scaffold	161471	chr2_KI270715v1_random	2
GCF_000001405.26		Primary Assembly	2			KI270716.1	Chromosome		NT_187371.1	unlocalized-scaffold	153799	chr2_KI270716v1_random	2
GCF_000001405.26		Primary Assembly	3			GL000221.1	Chromosome		NT_167215.1	unlocalized-scaffold	155397	chr3_GL000221v1_random	1
GCF_000001405.26		Primary Assembly	4			GL000008.2	Chromosome		NT_113793.3	unlocalized-scaffold	209709	chr4_GL000008v2_random	1
GCF_000001405.26		Primary Assembly	5			GL000208.1	Chromosome		NT_113948.1	unlocalized-scaffold	92689	chr5_GL000208v1_random	1
GCF_000001405.26		Primary Assembly	9			KI270717.1	Chromosome		NT_187372.1	unlocalized-scaffold	40062	chr9_KI270717v1_random	4
GCF_000001405.26		Primary Assembly	9			KI270718.1	Chromosome		NT_187373.1	unlocalized-scaffold	38054	chr9_KI270718v1_random	4
GCF_000001405.26		Primary Assembly	9			KI270719.1	Chromosome		NT_187374.1	unlocalized-scaffold	176845	chr9_KI270719v1_random	4
GCF_000001405.26		Primary Assembly	9			KI270720.1	Chromosome		NT_187375.1	unlocalized-scaffold	39050	chr9_KI270720v1_random	4
GCF_000001405.26		Primary Assembly	11			KI270721.1	Chromosome		NT_187376.1	unlocalized-scaffold	100316	chr11_KI270721v1_random	1
GCF_000001405.26		Primary Assembly	14			GL000009.2	Chromosome		NT_113796.3	unlocalized-scaffold	201709	chr14_GL000009v2_random	8
GCF_000001405.26		Primary Assembly	14			GL000194.1	Chromosome		NT_113888.1	unlocalized-scaffold	191469	chr14_GL000194v1_random	8
GCF_000001405.26		Primary Assembly	14			GL000225.1	Chromosome		NT_167219.1	unlocalized-scaffold	211173	chr14_GL000225v1_random	8
GCF_000001405.26		Primary Assembly	14			KI270722.1	Chromosome		NT_187377.1	unlocalized-scaffold	194050	chr14_KI270722v1_random	8
GCF_000001405.26		Primary Assembly	14			KI270723.1	Chromosome		NT_187378.1	unlocalized-scaffold	38115	chr14_KI270723v1_random	8
GCF_000001405.26		Primary Assembly	14			KI270724.1	Chromosome		NT_187379.1	unlocalized-scaffold	39555	chr14_KI270724v1_random	8
GCF_000001405.26		Primary Assembly	14			KI270725.1	Chromosome		NT_187380.1	unlocalized-scaffold	172810	chr14_KI270725v1_random	8
GCF_000001405.26		Primary Assembly	14			KI270726.1	Chromosome		NT_187381.1	unlocalized-scaffold	43739	chr14_KI270726v1_random	8
GCF_000001405.26		Primary Assembly	15			KI270727.1	Chromosome		NT_187382.1	unlocalized-scaffold	448248	chr15_KI270727v1_random	1
GCF_000001405.26		Primary Assembly	16			KI270728.1	Chromosome		NT_187383.1	unlocalized-scaffold	1872759	chr16_KI270728v1_random	1
GCF_000001405.26		Primary Assembly	17			GL000205.2	Chromosome		NT_113930.2	unlocalized-scaffold	185591	chr17_GL000205v2_random	3
GCF_000001405.26		Primary Assembly	17			KI270729.1	Chromosome		NT_187384.1	unlocalized-scaffold	280839	chr17_KI270729v1_random	3
GCF_000001405.26		Primary Assembly	17			KI270730.1	Chromosome		NT_187385.1	unlocalized-scaffold	112551	chr17_KI270730v1_random	3
GCF_000001405.26		Primary Assembly	22			KI270731.1	Chromosome		NT_187386.1	unlocalized-scaffold	150754	chr22_KI270731v1_random	9
GCF_000001405.26		Primary Assembly	22			KI270732.1	Chromosome		NT_187387.1	unlocalized-scaffold	41543	chr22_KI270732v1_random	9
GCF_000001405.26		Primary Assembly	22			KI270733.1	Chromosome		NT_187388.1	unlocalized-scaffold	179772	chr22_KI270733v1_random	9
GCF_000001405.26		Primary Assembly	22			KI270734.1	Chromosome		NT_187389.1	unlocalized-scaffold	165050	chr22_KI270734v1_random	9
GCF_000001405.26		Primary Assembly	22			KI270735.1	Chromosome		NT_187390.1	unlocalized-scaffold	42811	chr22_KI270735v1_random	9
GCF_000001405.26		Primary Assembly	22			KI270736.1	Chromosome		NT_187391.1	unlocalized-scaffold	181920	chr22_KI270736v1_random	9
GCF_000001405.26		Primary Assembly	22			KI270737.1	Chromosome		NT_187392.1	unlocalized-scaffold	103838	chr22_KI270737v1_random	9
GCF_000001405.26		Primary Assembly	22			KI270738.1	Chromosome		NT_187393.1	unlocalized-scaffold	99375	chr22_KI270738v1_random	9
GCF_000001405.26		Primary Assembly	22			KI270739.1	Chromosome		NT_187394.1	unlocalized-scaffold	73985	chr22_KI270739v1_random	9
GCF_000001405.26		Primary Assembly	Y			KI270740.1	Chromosome		NT_187395.1	unlocalized-scaffold	37240	chrY_KI270740v1_random	1
GCF_000001405.26		Primary Assembly	Un			GL000195.1	Chromosome		NT_113901.1	unplaced-scaffold	182896	chrUn_GL000195v1	
GCF_000001405.26		Primary Assembly	Un			GL000213.1	Chromosome		NT_167208.1	unplaced-scaffold	164239	chrUn_GL000213v1	
GCF_000001405.26		Primary Assembly	Un			GL000214.1	Chromosome		NT_167209.1	unplaced-scaffold	137718	chrUn_GL000214v1	
GCF_000001405.26		Primary Assembly	Un			GL000216.2	Chromosome		NT_167211.2	unplaced-scaffold	176608	chrUn_GL000216v2	
GCF_000001405.26		Primary Assembly	Un			GL000218.1	Chromosome		NT_113889.1	unplaced-scaffold	161147	chrUn_GL000218v1	
GCF_000001405.26		Primary Assembly	Un			GL000219.1	Chromosome		NT_167213.1	unplaced-scaffold	179198	chrUn_GL000219v1	
GCF_000001405.26		Primary Assembly	Un			GL000220.1	Chromosome		NT_167214.1	unplaced-scaffold	161802	chrUn_GL000220v1	
GCF_000001405.26		Primary Assembly	Un			GL000224.1	Chromosome		NT_167218.1	unplaced-scaffold	179693	chrUn_GL000224v1	
GCF_000001405.26		Primary Assembly	Un			GL000226.1	Chromosome		NT_167220.1	unplaced-scaffold	15008	chrUn_GL000226v1	
GCF_000001405.26		Primary Assembly	Un			KI270302.1	Chromosome		NT_187396.1	unplaced-scaffold	2274	chrUn_KI270302v1	
GCF_000001405.26		Primary Assembly	Un			KI270303.1	Chromosome		NT_187398.1	unplaced-scaffold	1942	chrUn_KI270303v1	
GCF_000001405.26		Primary Assembly	Un			KI270304.1	Chromosome		NT_187397.1	unplaced-scaffold	2165	chrUn_KI270304v1	
GCF_000001405.26		Primary Assembly	Un			KI270305.1	Chromosome		NT_187399.1	unplaced-scaffold	1472	chrUn_KI270305v1	
GCF_000001405.26		Primary Assembly	Un			KI270310.1	Chromosome		NT_187402.1	unplaced-scaffold	1201	chrUn_KI270310v1	
GCF_000001405.26		Primary Assembly	Un			KI270311.1	Chromosome		NT_187406.1	unplaced-scaffold	12399	chrUn_KI270311v1	
GCF_000001405.26		Primary Assembly	Un			KI270312.1	Chromosome		NT_187405.1	unplaced-scaffold	998	chrUn_KI270312v1	
GCF_000001405.26		Primary Assembly	Un			KI270315.1	Chromosome		NT_187404.1	unplaced-scaffold	2276	chrUn_KI270315v1	
GCF_000001405.26		Primary Assembly	Un			KI270316.1	Chromosome		NT_187403.1	unplaced-scaffold	1444	chrUn_KI270316v1	
GCF_000001405.26		Primary Assembly	Un			KI270317.1	Chromosome		NT_187407.1	unplaced-scaffold	37690	chrUn_KI270317v1	
GCF_000001405.26		Primary Assembly	Un			KI270320.1	Chromosome		NT_187401.1	unplaced-scaffold	4416	chrUn_KI270320v1	
GCF_000001405.26		Primary Assembly	Un			KI270322.1	Chromosome		NT_187400.1	unplaced-scaffold	21476	chrUn_KI270322v1	
GCF_000001405.26		Primary Assembly	Un			KI270329.1	Chromosome		NT_187459.1	unplaced-scaffold	1040	chrUn_KI270329v1	
GCF_000001405.26		Primary Assembly	Un			KI270330.1	Chromosome		NT_187458.1	unplaced-scaffold	1652	chrUn_KI270330v1	
GCF_000001405.26		Primary Assembly	Un			KI270333.1	Chromosome		NT_187461.1	unplaced-scaffold	2699	chrUn_KI270333v1	
GCF_000001405.26		Primary Assembly	Un			KI270334.1	Chromosome		NT_187460.1	unplaced-scaffold	1368	chrUn_KI270334v1	
GCF_000001405.26		Primary Assembly	Un			KI270335.1	Chromosome		NT_187462.1	unplaced-scaffold	1048	chrUn_KI270335v1	
GCF_000001405.26		Primary Assembly	Un			KI270336.1	Chromosome		NT_187465.1	unplaced-scaffold	1026	chrUn_KI270336v1	
GCF_000001405.26		Primary Assembly	Un			KI270337.1	Chromosome		NT_187466.1	unplaced-scaffold	1121	chrUn_KI270337v1	
GCF_000001405.26		Primary Assembly	Un			KI270338.1	Chromosome		NT_187463.1	unplaced-scaffold	1428	chrUn_KI270338v1	
GCF_000001405.26		Primary Assembly	Un			KI270340.1	Chromosome		NT_187464.1	unplaced-scaffold	1428	chrUn_KI270340v1	
GCF_000001405.26		Primary Assembly	Un			KI270362.1	Chromosome		NT_187469.1	unplaced-scaffold	3530	chrUn_KI270362v1	
GCF_000001405.26		Primary Assembly	Un			KI270363.1	Chromosome		NT_187467.1	unplaced-scaffold	1803	chrUn_KI270363v1	
GCF_000001405.26		Primary Assembly	Un			KI270364.1	Chromosome		NT_187468.1	unplaced-scaffold	2855	chrUn_KI270364v1	
GCF_000001405.26		Primary Assembly	Un			KI270366.1	Chromosome		NT_187470.1	unplaced-scaffold	8320	chrUn_KI270366v1	
GCF_000001405.26		Primary Assembly	Un			KI270371.1	Chromosome		NT_187494.1	unplaced-scaffold	2805	chrUn_KI270371v1	
GCF_000001405.26		Primary Assembly	Un			KI270372.1	Chromosome		NT_187491.1	unplaced-scaffold	1650	chrUn_KI270372v1	
GCF_000001405.26		Primary Assembly	Un			KI270373.1	Chromosome		NT_187492.1	unplaced-scaffold	1451	chrUn_KI270373v1	
GCF_000001405.26		Primary Assembly	Un			KI270374.1	Chromosome		NT_187490.1	unplaced-scaffold	2656	chrUn_KI270374v1	
GCF_000001405.26		Primary Assembly	Un			KI270375.1	Chromosome		NT_187493.1	unplaced-scaffold	2378	chrUn_KI270375v1	
GCF_000001405.26		Primary Assembly	Un			KI270376.1	Chromosome		NT_187489.1	unplaced-scaffold	1136	chrUn_KI270376v1	
GCF_000001405.26		Primary Assembly	Un			KI270378.1	Chromosome		NT_187471.1	unplaced-scaffold	1048	chrUn_KI270378v1	
GCF_000001405.26		Primary Assembly	Un			KI270379.1	Chromosome		NT_187472.1	unplaced-scaffold	1045	chrUn_KI270379v1	
GCF_000001405.26		Primary Assembly	Un			KI270381.1	Chromosome		NT_187486.1	unplaced-scaffold	1930	chrUn_KI270381v1	
GCF_000001405.26		Primary Assembly	Un			KI270382.1	Chromosome		NT_187488.1	unplaced-scaffold	4215	chrUn_KI270382v1	
GCF_000001405.26		Primary Assembly	Un			KI270383.1	Chromosome		NT_187482.1	unplaced-scaffold	1750	chrUn_KI270383v1	
GCF_000001405.26		Primary Assembly	Un			KI270384.1	Chromosome		NT_187484.1	unplaced-scaffold	1658	chrUn_KI270384v1	
GCF_000001405.26		Primary Assembly	Un			KI270385.1	Chromosome		NT_187487.1	unplaced-scaffold	990	chrUn_KI270385v1	
GCF_000001405.26		Primary Assembly	Un			KI270386.1	Chromosome		NT_187480.1	unplaced-scaffold	1788	chrUn_KI270386v1	
GCF_000001405.26		Primary Assembly	Un			KI270387.1	Chromosome		NT_187475.1	unplaced-scaffold	1537	chrUn_KI270387v1	
GCF_000001405.26		Primary Assembly	Un			KI270388.1	Chromosome		NT_187478.1	unplaced-scaffold	1216	chrUn_KI270388v1	
GCF_000001405.26		Primary Assembly	Un			KI270389.1	Chromosome		NT_187473.1	unplaced-scaffold	1298	chrUn_KI270389v1	
GCF_000001405.26		Primary Assembly	Un			KI270390.1	Chromosome		NT_187474.1	unplaced-scaffold	2387	chrUn_KI270390v1	
GCF_000001405.26		Primary Assembly	Un			KI270391.1	Chromosome		NT_187481.1	unplaced-scaffold	1484	chrUn_KI270391v1	
GCF_000001405.26		Primary Assembly	Un			KI270392.1	Chromosome		NT_187485.1	unplaced-scaffold	971	chrUn_KI270392v1	
GCF_000001405.26		Primary Assembly	Un			KI270393.1	Chromosome		NT_187483.1	unplaced-scaffold	1308	chrUn_KI270393v1	
GCF_000001405.26		Primary Assembly	Un			KI270394.1	Chromosome		NT_187479.1	unplaced-scaffold	970	chrUn_KI270394v1	
GCF_000001405.26		Primary Assembly	Un			KI270395.1	Chromosome		NT_187476.1	unplaced-scaffold	1143	chrUn_KI270395v1	
GCF_000001405.26		Primary Assembly	Un			KI270396.1	Chromosome		NT_187477.1	unplaced-scaffold	1880	chrUn_KI270396v1	
GCF_000001405.26		Primary Assembly	Un			KI270411.1	Chromosome		NT_187409.1	unplaced-scaffold	2646	chrUn_KI270411v1	
GCF_000001405.26		Primary Assembly	Un			KI270412.1	Chromosome		NT_187408.1	unplaced-scaffold	1179	chrUn_KI270412v1	
GCF_000001405.26		Primary Assembly	Un			KI270414.1	Chromosome		NT_187410.1	unplaced-scaffold	2489	chrUn_KI270414v1	
GCF_000001405.26		Primary Assembly	Un			KI270417.1	Chromosome		NT_187415.1	unplaced-scaffold	2043	chrUn_KI270417v1	
GCF_000001405.26		Primary Assembly	Un			KI270418.1	Chromosome		NT_187412.1	unplaced-scaffold	2145	chrUn_KI270418v1	
GCF_000001405.26		Primary Assembly	Un			KI270419.1	Chromosome		NT_187411.1	unplaced-scaffold	1029	chrUn_KI270419v1	
GCF_000001405.26		Primary Assembly	Un			KI270420.1	Chromosome		NT_187413.1	unplaced-scaffold	2321	chrUn_KI270420v1	
GCF_000001405.26		Primary Assembly	Un			KI270422.1	Chromosome		NT_187416.1	unplaced-scaffold	1445	chrUn_KI270422v1	
GCF_000001405.26		Primary Assembly	Un			KI270423.1	Chromosome		NT_187417.1	unplaced-scaffold	981	chrUn_KI270423v1	
GCF_000001405.26		Primary Assembly	Un			KI270424.1	Chromosome		NT_187414.1	unplaced-scaffold	2140	chrUn_KI270424v1	
GCF_000001405.26		Primary Assembly	Un			KI270425.1	Chromosome		NT_187418.1	unplaced-scaffold	1884	chrUn_KI270425v1	
GCF_000001405.26		Primary Assembly	Un			KI270429.1	Chromosome		NT_187419.1	unplaced-scaffold	1361	chrUn_KI270429v1	
GCF_000001405.26		Primary Assembly	Un			KI270435.1	Chromosome		NT_187424.1	unplaced-scaffold	92983	chrUn_KI270435v1	
GCF_000001405.26		Primary Assembly	Un			KI270438.1	Chromosome		NT_187425.1	unplaced-scaffold	112505	chrUn_KI270438v1	
GCF_000001405.26		Primary Assembly	Un			KI270442.1	Chromosome		NT_187420.1	unplaced-scaffold	392061	chrUn_KI270442v1	
GCF_000001405.26		Primary Assembly	Un			KI270448.1	Chromosome		NT_187495.1	unplaced-scaffold	7992	chrUn_KI270448v1	
GCF_000001405.26		Primary Assembly	Un			KI270465.1	Chromosome		NT_187422.1	unplaced-scaffold	1774	chrUn_KI270465v1	
GCF_000001405.26		Primary Assembly	Un			KI270466.1	Chromosome		NT_187421.1	unplaced-scaffold	1233	chrUn_KI270466v1	
GCF_000001405.26		Primary Assembly	Un			KI270467.1	Chromosome		NT_187423.1	unplaced-scaffold	3920	chrUn_KI270467v1	
GCF_000001405.26		Primary Assembly	Un			KI270468.1	Chromosome		NT_187426.1	unplaced-scaffold	4055	chrUn_KI270468v1	
GCF_000001405.26		Primary Assembly	Un			KI270507.1	Chromosome		NT_187437.1	unplaced-scaffold	5353	chrUn_KI270507v1	
GCF_000001405.26		Primary Assembly	Un			KI270508.1	Chromosome		NT_187430.1	unplaced-scaffold	1951	chrUn_KI270508v1	
GCF_000001405.26		Primary Assembly	Un			KI270509.1	Chromosome		NT_187428.1	unplaced-scaffold	2318	chrUn_KI270509v1	
GCF_000001405.26		Primary Assembly	Un			KI270510.1	Chromosome		NT_187427.1	unplaced-scaffold	2415	chrUn_KI270510v1	
GCF_000001405.26		Primary Assembly	Un			KI270511.1	Chromosome		NT_187435.1	unplaced-scaffold	8127	chrUn_KI270511v1	
GCF_000001405.26		Primary Assembly	Un			KI270512.1	Chromosome		NT_187432.1	unplaced-scaffold	22689	chrUn_KI270512v1	
GCF_000001405.26		Primary Assembly	Un			KI270515.1	Chromosome		NT_187436.1	unplaced-scaffold	6361	chrUn_KI270515v1	
GCF_000001405.26		Primary Assembly	Un			KI270516.1	Chromosome		NT_187431.1	unplaced-scaffold	1300	chrUn_KI270516v1	
GCF_000001405.26		Primary Assembly	Un			KI270517.1	Chromosome		NT_187438.1	unplaced-scaffold	3253	chrUn_KI270517v1	
GCF_000001405.26		Primary Assembly	Un			KI270518.1	Chromosome		NT_187429.1	unplaced-scaffold	2186	chrUn_KI270518v1	
GCF_000001405.26		Primary Assembly	Un			KI270519.1	Chromosome		NT_187433.1	unplaced-scaffold	138126	chrUn_KI270519v1	
GCF_000001405.26		Primary Assembly	Un			KI270521.1	Chromosome		NT_187496.1	unplaced-scaffold	7642	chrUn_KI270521v1	
GCF_000001405.26		Primary Assembly	Un			KI270522.1	Chromosome		NT_187434.1	unplaced-scaffold	5674	chrUn_KI270522v1	
GCF_000001405.26		Primary Assembly	Un			KI270528.1	Chromosome		NT_187440.1	unplaced-scaffold	2983	chrUn_KI270528v1	
GCF_000001405.26		Primary Assembly	Un			KI270529.1	Chromosome		NT_187439.1	unplaced-scaffold	1899	chrUn_KI270529v1	
GCF_000001405.26		Primary Assembly	Un			KI270530.1	Chromosome		NT_187441.1	unplaced-scaffold	2168	chrUn_KI270530v1	
GCF_000001405.26		Primary Assembly	Un			KI270538.1	Chromosome		NT_187443.1	unplaced-scaffold	91309	chrUn_KI270538v1	
GCF_000001405.26		Primary Assembly	Un			KI270539.1	Chromosome		NT_187442.1	unplaced-scaffold	993	chrUn_KI270539v1	
GCF_000001405.26		Primary Assembly	Un			KI270544.1	Chromosome		NT_187444.1	unplaced-scaffold	1202	chrUn_KI270544v1	
GCF_000001405.26		Primary Assembly	Un			KI270548.1	Chromosome		NT_187445.1	unplaced-scaffold	1599	chrUn_KI270548v1	
GCF_000001405.26		Primary Assembly	Un			KI270579.1	Chromosome		NT_187450.1	unplaced-scaffold	31033	chrUn_KI270579v1	
GCF_000001405.26		Primary Assembly	Un			KI270580.1	Chromosome		NT_187448.1	unplaced-scaffold	1553	chrUn_KI270580v1	
GCF_000001405.26		Primary Assembly	Un			KI270581.1	Chromosome		NT_187449.1	unplaced-scaffold	7046	chrUn_KI270581v1	
GCF_000001405.26		Primary Assembly	Un			KI270582.1	Chromosome		NT_187454.1	unplaced-scaffold	6504	chrUn_KI270582v1	
GCF_000001405.26		Primary Assembly	Un			KI270583.1	Chromosome		NT_187446.1	unplaced-scaffold	1400	chrUn_KI270583v1	
GCF_000001405.26		Primary Assembly	Un			KI270584.1	Chromosome		NT_187453.1	unplaced-scaffold	4513	chrUn_KI270584v1	
GCF_000001405.26		Primary Assembly	Un			KI270587.1	Chromosome		NT_187447.1	unplaced-scaffold	2969	chrUn_KI270587v1	
GCF_000001405.26		Primary Assembly	Un			KI270588.1	Chromosome		NT_187455.1	unplaced-scaffold	6158	chrUn_KI270588v1	
GCF_000001405.26		Primary Assembly	Un			KI270589.1	Chromosome		NT_187451.1	unplaced-scaffold	44474	chrUn_KI270589v1	
GCF_000001405.26		Primary Assembly	Un			KI270590.1	Chromosome		NT_187452.1	unplaced-scaffold	4685	chrUn_KI270590v1	
GCF_000001405.26		Primary Assembly	Un			KI270591.1	Chromosome		NT_187457.1	unplaced-scaffold	5796	chrUn_KI270591v1	
GCF_000001405.26		Primary Assembly	Un			KI270593.1	Chromosome		NT_187456.1	unplaced-scaffold	3041	chrUn_KI270593v1	
GCF_000001405.26		Primary Assembly	Un			KI270741.1	Chromosome		NT_187497.1	unplaced-scaffold	157432	chrUn_KI270741v1	
GCF_000001405.26		Primary Assembly	Un			KI270742.1	Chromosome		NT_187513.1	unplaced-scaffold	186739	chrUn_KI270742v1	
GCF_000001405.26		Primary Assembly	Un			KI270743.1	Chromosome		NT_187498.1	unplaced-scaffold	210658	chrUn_KI270743v1	
GCF_000001405.26		Primary Assembly	Un			KI270744.1	Chromosome		NT_187499.1	unplaced-scaffold	168472	chrUn_KI270744v1	
GCF_000001405.26		Primary Assembly	Un			KI270745.1	Chromosome		NT_187500.1	unplaced-scaffold	41891	chrUn_KI270745v1	
GCF_000001405.26		Primary Assembly	Un			KI270746.1	Chromosome		NT_187501.1	unplaced-scaffold	66486	chrUn_KI270746v1	
GCF_000001405.26		Primary Assembly	Un			KI270747.1	Chromosome		NT_187502.1	unplaced-scaffold	198735	chrUn_KI270747v1	
GCF_000001405.26		Primary Assembly	Un			KI270748.1	Chromosome		NT_187503.1	unplaced-scaffold	93321	chrUn_KI270748v1	
GCF_000001405.26		Primary Assembly	Un			KI270749.1	Chromosome		NT_187504.1	unplaced-scaffold	158759	chrUn_KI270749v1	
GCF_000001405.26		Primary Assembly	Un			KI270750.1	Chromosome		NT_187505.1	unplaced-scaffold	148850	chrUn_KI270750v1	
GCF_000001405.26		Primary Assembly	Un			KI270751.1	Chromosome		NT_187506.1	unplaced-scaffold	150742	chrUn_KI270751v1	
GCF_000001405.26		Primary Assembly	Un			KI270752.1	Chromosome		NT_187507.1	unplaced-scaffold	27745	chrUn_KI270752v1	
GCF_000001405.26		Primary Assembly	Un			KI270753.1	Chromosome		NT_187508.1	unplaced-scaffold	62944	chrUn_KI270753v1	
GCF_000001405.26		Primary Assembly	Un			KI270754.1	Chromosome		NT_187509.1	unplaced-scaffold	40191	chrUn_KI270754v1	
GCF_000001405.26		Primary Assembly	Un			KI270755.1	Chromosome		NT_187510.1	unplaced-scaffold	36723	chrUn_KI270755v1	
GCF_000001405.26		Primary Assembly	Un			KI270756.1	Chromosome		NT_187511.1	unplaced-scaffold	79590	chrUn_KI270756v1	
GCF_000001405.26		Primary Assembly	Un			KI270757.1	Chromosome		NT_187512.1	unplaced-scaffold	71251	chrUn_KI270757v1	
GCF_000001405.26		ALT_REF_LOCI_1	1			GL383518.1	Chromosome		NW_003315905.1	alt-scaffold	182439	chr1_GL383518v1_alt	9
GCF_000001405.26		ALT_REF_LOCI_1	1			GL383519.1	Chromosome		NW_003315906.1	alt-scaffold	110268	chr1_GL383519v1_alt	9
GCF_000001405.26		ALT_REF_LOCI_1	1			GL383520.2	Chromosome		NW_003315907.2	alt-scaffold	366580	chr1_GL383520v2_alt	9
GCF_000001405.26		ALT_REF_LOCI_1	1			KI270759.1	Chromosome		NT_187516.1	alt-scaffold	425601	chr1_KI270759v1_alt	9
GCF_000001405.26		ALT_REF_LOCI_1	1			KI270760.1	Chromosome		NT_187514.1	alt-scaffold	109528	chr1_KI270760v1_alt	9
GCF_000001405.26		ALT_REF_LOCI_1	1			KI270761.1	Chromosome		NT_187518.1	alt-scaffold	165834	chr1_KI270761v1_alt	9
GCF_000001405.26		ALT_REF_LOCI_1	1			KI270762.1	Chromosome		NT_187515.1	alt-scaffold	354444	chr1_KI270762v1_alt	9
GCF_000001405.26		ALT_REF_LOCI_1	1			KI270763.1	Chromosome		NT_187519.1	alt-scaffold	911658	chr1_KI270763v1_alt	9
GCF_000001405.26		ALT_REF_LOCI_1	1			KI270764.1	Chromosome		NT_187521.1	alt-scaffold	50258	chr1_KI270764v1_alt	9
GCF_000001405.26		ALT_REF_LOCI_1	1			KI270765.1	Chromosome		NT_187520.1	alt-scaffold	185285	chr1_KI270765v1_alt	9
GCF_000001405.26		ALT_REF_LOCI_1	1			KI270766.1	Chromosome		NT_187517.1	alt-scaffold	256271	chr1_KI270766v1_alt	9
GCF_000001405.26		ALT_REF_LOCI_1	2			GL383521.1	Chromosome		NW_003315908.1	alt-scaffold	143390	chr2_GL383521v1_alt	2
GCF_000001405.26		ALT_REF_LOCI_1	2			GL383522.1	Chromosome		NW_003315909.1	alt-scaffold	123821	chr2_GL383522v1_alt	2
GCF_000001405.26		ALT_REF_LOCI_1	2			GL582966.2	Chromosome		NW_003571033.2	alt-scaffold	96131	chr2_GL582966v2_alt	2
GCF_000001405.26		ALT_REF_LOCI_1	2			KI270767.1	Chromosome		NT_187523.1	alt-scaffold	161578	chr2_KI270767v1_alt	2
GCF_000001405.26		ALT_REF_LOCI_1	2			KI270768.1	Chromosome		NT_187528.1	alt-scaffold	110099	chr2_KI270768v1_alt	2
GCF_000001405.26		ALT_REF_LOCI_1	2			KI270769.1	Chromosome		NT_187522.1	alt-scaffold	120616	chr2_KI270769v1_alt	2
GCF_000001405.26		ALT_REF_LOCI_1	2			KI270770.1	Chromosome		NT_187525.1	alt-scaffold	136240	chr2_KI270770v1_alt	2
GCF_000001405.26		ALT_REF_LOCI_1	2			KI270771.1	Chromosome		NT_187530.1	alt-scaffold	110395	chr2_KI270771v1_alt	2
GCF_000001405.26		ALT_REF_LOCI_1	2			KI270772.1	Chromosome		NT_187524.1	alt-scaffold	133041	chr2_KI270772v1_alt	2
GCF_000001405.26		ALT_REF_LOCI_1	2			KI270773.1	Chromosome		NT_187526.1	alt-scaffold	70887	chr2_KI270773v1_alt	2
GCF_000001405.26		ALT_REF_LOCI_1	2			KI270774.1	Chromosome		NT_187529.1	alt-scaffold	223625	chr2_KI270774v1_alt	2
GCF_000001405.26		ALT_REF_LOCI_1	2			KI270775.1	Chromosome		NT_187531.1	alt-scaffold	138019	chr2_KI270775v1_alt	2
GCF_000001405.26		ALT_REF_LOCI_1	2			KI270776.1	Chromosome		NT_187527.1	alt-scaffold	174166	chr2_KI270776v1_alt	2
GCF_000001405.26		ALT_REF_LOCI_1	3			GL383526.1	Chromosome		NW_003315913.1	alt-scaffold	180671	chr3_GL383526v1_alt	1
GCF_000001405.26		ALT_REF_LOCI_1	3			JH636055.2	Chromosome		NW_003871060.2	alt-scaffold	173151	chr3_JH636055v2_alt	1
GCF_000001405.26		ALT_REF_LOCI_1	3			KI270777.1	Chromosome		NT_187533.1	alt-scaffold	173649	chr3_KI270777v1_alt	1
GCF_000001405.26		ALT_REF_LOCI_1	3			KI270778.1	Chromosome		NT_187536.1	alt-scaffold	248252	chr3_KI270778v1_alt	1
GCF_000001405.26		ALT_REF_LOCI_1	3			KI270779.1	Chromosome		NT_187532.1	alt-scaffold	205312	chr3_KI270779v1_alt	1
GCF_000001405.26		ALT_REF_LOCI_1	3			KI270780.1	Chromosome		NT_187537.1	alt-scaffold	224108	chr3_KI270780v1_alt	1
GCF_000001405.26		ALT_REF_LOCI_1	3			KI270781.1	Chromosome		NT_187538.1	alt-scaffold	113034	chr3_KI270781v1_alt	1
GCF_000001405.26		ALT_REF_LOCI_1	3			KI270782.1	Chromosome		NT_187534.1	alt-scaffold	162429	chr3_KI270782v1_alt	1
GCF_000001405.26		ALT_REF_LOCI_1	3			KI270783.1	Chromosome		NT_187535.1	alt-scaffold	109187	chr3_KI270783v1_alt	1
GCF_000001405.26		ALT_REF_LOCI_1	3			KI270784.1	Chromosome		NT_187539.1	alt-scaffold	184404	chr3_KI270784v1_alt	1
GCF_000001405.26		ALT_REF_LOCI_1	4			GL000257.2	Chromosome		NT_167250.2	alt-scaffold	586476	chr4_GL000257v2_alt	1
GCF_000001405.26		ALT_REF_LOCI_1	4			GL383527.1	Chromosome		NW_003315914.1	alt-scaffold	164536	chr4_GL383527v1_alt	1
GCF_000001405.26		ALT_REF_LOCI_1	4			GL383528.1	Chromosome		NW_003315915.1	alt-scaffold	376187	chr4_GL383528v1_alt	1
GCF_000001405.26		ALT_REF_LOCI_1	4			KI270785.1	Chromosome		NT_187542.1	alt-scaffold	119912	chr4_KI270785v1_alt	1
GCF_000001405.26		ALT_REF_LOCI_1	4			KI270786.1	Chromosome		NT_187543.1	alt-scaffold	244096	chr4_KI270786v1_alt	1
GCF_000001405.26		ALT_REF_LOCI_1	4			KI270787.1	Chromosome		NT_187541.1	alt-scaffold	111943	chr4_KI270787v1_alt	1
GCF_000001405.26		ALT_REF_LOCI_1	4			KI270788.1	Chromosome		NT_187544.1	alt-scaffold	158965	chr4_KI270788v1_alt	1
GCF_000001405.26		ALT_REF_LOCI_1	4			KI270789.1	Chromosome		NT_187545.1	alt-scaffold	205944	chr4_KI270789v1_alt	1
GCF_000001405.26		ALT_REF_LOCI_1	4			KI270790.1	Chromosome		NT_187540.1	alt-scaffold	220246	chr4_KI270790v1_alt	1
GCF_000001405.26		ALT_REF_LOCI_1	5			GL339449.2	Chromosome		NW_003315917.2	alt-scaffold	1612928	chr5_GL339449v2_alt	1
GCF_000001405.26		ALT_REF_LOCI_1	5			GL383530.1	Chromosome		NW_003315918.1	alt-scaffold	101241	chr5_GL383530v1_alt	1
GCF_000001405.26		ALT_REF_LOCI_1	5			GL383531.1	Chromosome		NW_003315919.1	alt-scaffold	173459	chr5_GL383531v1_alt	1
GCF_000001405.26		ALT_REF_LOCI_1	5			GL383532.1	Chromosome		NW_003315920.1	alt-scaffold	82728	chr5_GL383532v1_alt	1
GCF_000001405.26		ALT_REF_LOCI_1	5			GL949742.1	Chromosome		NW_003571036.1	alt-scaffold	226852	chr5_GL949742v1_alt	1
GCF_000001405.26		ALT_REF_LOCI_1	5			KI270791.1	Chromosome		NT_187547.1	alt-scaffold	195710	chr5_KI270791v1_alt	1
GCF_000001405.26		ALT_REF_LOCI_1	5			KI270792.1	Chromosome		NT_187548.1	alt-scaffold	179043	chr5_KI270792v1_alt	1
GCF_000001405.26		ALT_REF_LOCI_1	5			KI270793.1	Chromosome		NT_187550.1	alt-scaffold	126136	chr5_KI270793v1_alt	1
GCF_000001405.26		ALT_REF_LOCI_1	5			KI270794.1	Chromosome		NT_187551.1	alt-scaffold	164558	chr5_KI270794v1_alt	1
GCF_000001405.26		ALT_REF_LOCI_1	5			KI270795.1	Chromosome		NT_187546.1	alt-scaffold	131892	chr5_KI270795v1_alt	1
GCF_000001405.26		ALT_REF_LOCI_1	5			KI270796.1	Chromosome		NT_187549.1	alt-scaffold	172708	chr5_KI270796v1_alt	1
GCF_000001405.26		ALT_REF_LOCI_1	6			GL000250.2	Chromosome		NT_167244.2	alt-scaffold	4672374	chr6_GL000250v2_alt	
GCF_000001405.26		ALT_REF_LOCI_1	6			GL383533.1	Chromosome		NW_003315921.1	alt-scaffold	124736	chr6_GL383533v1_alt	
GCF_000001405.26		ALT_REF_LOCI_1	6			KB021644.2	Chromosome		NW_004166862.2	alt-scaffold	185823	chr6_KB021644v2_alt	
GCF_000001405.26		ALT_REF_LOCI_1	6			KI270797.1	Chromosome		NT_187552.1	alt-scaffold	197536	chr6_KI270797v1_alt	
GCF_000001405.26		ALT_REF_LOCI_1	6			KI270798.1	Chromosome		NT_187553.1	alt-scaffold	271782	chr6_KI270798v1_alt	
GCF_000001405.26		ALT_REF_LOCI_1	6			KI270799.1	Chromosome		NT_187554.1	alt-scaffold	152148	chr6_KI270799v1_alt	
GCF_000001405.26		ALT_REF_LOCI_1	6			KI270800.1	Chromosome		NT_187555.1	alt-scaffold	175808	chr6_KI270800v1_alt	
GCF_000001405.26		ALT_REF_LOCI_1	6			KI270801.1	Chromosome		NT_187556.1	alt-scaffold	870480	chr6_KI270801v1_alt	
GCF_000001405.26		ALT_REF_LOCI_1	6			KI270802.1	Chromosome		NT_187557.1	alt-scaffold	75005	chr6_KI270802v1_alt	
GCF_000001405.26		ALT_REF_LOCI_1	7			GL383534.2	Chromosome		NW_003315922.2	alt-scaffold	119183	chr7_GL383534v2_alt	
GCF_000001405.26		ALT_REF_LOCI_1	7			KI270803.1	Chromosome		NT_187562.1	alt-scaffold	1111570	chr7_KI270803v1_alt	
GCF_000001405.26		ALT_REF_LOCI_1	7			KI270804.1	Chromosome		NT_187558.1	alt-scaffold	157952	chr7_KI270804v1_alt	
GCF_000001405.26		ALT_REF_LOCI_1	7			KI270805.1	Chromosome		NT_187560.1	alt-scaffold	209988	chr7_KI270805v1_alt	
GCF_000001405.26		ALT_REF_LOCI_1	7			KI270806.1	Chromosome		NT_187559.1	alt-scaffold	158166	chr7_KI270806v1_alt	
GCF_000001405.26		ALT_REF_LOCI_1	7			KI270807.1	Chromosome		NT_187563.1	alt-scaffold	126434	chr7_KI270807v1_alt	
GCF_000001405.26		ALT_REF_LOCI_1	7			KI270808.1	Chromosome		NT_187564.1	alt-scaffold	271455	chr7_KI270808v1_alt	
GCF_000001405.26		ALT_REF_LOCI_1	7			KI270809.1	Chromosome		NT_187561.1	alt-scaffold	209586	chr7_KI270809v1_alt	
GCF_000001405.26		ALT_REF_LOCI_1	8			KI270810.1	Chromosome		NT_187567.1	alt-scaffold	374415	chr8_KI270810v1_alt	
GCF_000001405.26		ALT_REF_LOCI_1	8			KI270811.1	Chromosome		NT_187565.1	alt-scaffold	292436	chr8_KI270811v1_alt	
GCF_000001405.26		ALT_REF_LOCI_1	8			KI270812.1	Chromosome		NT_187568.1	alt-scaffold	282736	chr8_KI270812v1_alt	
GCF_000001405.26		ALT_REF_LOCI_1	8			KI270813.1	Chromosome		NT_187570.1	alt-scaffold	300230	chr8_KI270813v1_alt	
GCF_000001405.26		ALT_REF_LOCI_1	8			KI270814.1	Chromosome		NT_187566.1	alt-scaffold	141812	chr8_KI270814v1_alt	
GCF_000001405.26		ALT_REF_LOCI_1	8			KI270815.1	Chromosome		NT_187569.1	alt-scaffold	132244	chr8_KI270815v1_alt	
GCF_000001405.26		ALT_REF_LOCI_1	8			KI270816.1	Chromosome		NT_187571.1	alt-scaffold	305841	chr8_KI270816v1_alt	
GCF_000001405.26		ALT_REF_LOCI_1	8			KI270817.1	Chromosome		NT_187573.1	alt-scaffold	158983	chr8_KI270817v1_alt	
GCF_000001405.26		ALT_REF_LOCI_1	8			KI270818.1	Chromosome		NT_187572.1	alt-scaffold	145606	chr8_KI270818v1_alt	
GCF_000001405.26		ALT_REF_LOCI_1	8			KI270819.1	Chromosome		NT_187574.1	alt-scaffold	133535	chr8_KI270819v1_alt	
GCF_000001405.26		ALT_REF_LOCI_1	8			KI270820.1	Chromosome		NT_187575.1	alt-scaffold	36640	chr8_KI270820v1_alt	
GCF_000001405.26		ALT_REF_LOCI_1	8			KI270821.1	Chromosome		NT_187576.1	alt-scaffold	985506	chr8_KI270821v1_alt	
GCF_000001405.26		ALT_REF_LOCI_1	8			KI270822.1	Chromosome		NT_187577.1	alt-scaffold	624492	chr8_KI270822v1_alt	
GCF_000001405.26		ALT_REF_LOCI_1	9			GL383539.1	Chromosome		NW_003315928.1	alt-scaffold	162988	chr9_GL383539v1_alt	4
GCF_000001405.26		ALT_REF_LOCI_1	9			GL383540.1	Chromosome		NW_003315929.1	alt-scaffold	71551	chr9_GL383540v1_alt	4
GCF_000001405.26		ALT_REF_LOCI_1	9			GL383541.1	Chromosome		NW_003315930.1	alt-scaffold	171286	chr9_GL383541v1_alt	4
GCF_000001405.26		ALT_REF_LOCI_1	9			GL383542.1	Chromosome		NW_003315931.1	alt-scaffold	60032	chr9_GL383542v1_alt	4
GCF_000001405.26		ALT_REF_LOCI_1	9			KI270823.1	Chromosome		NT_187578.1	alt-scaffold	439082	chr9_KI270823v1_alt	4
GCF_000001405.26		ALT_REF_LOCI_1	10			GL383545.1	Chromosome		NW_003315934.1	alt-scaffold	179254	chr10_GL383545v1_alt	
GCF_000001405.26		ALT_REF_LOCI_1	10			GL383546.1	Chromosome		NW_003315935.1	alt-scaffold	309802	chr10_GL383546v1_alt	
GCF_000001405.26		ALT_REF_LOCI_1	10			KI270824.1	Chromosome		NT_187579.1	alt-scaffold	181496	chr10_KI270824v1_alt	
GCF_000001405.26		ALT_REF_LOCI_1	10			KI270825.1	Chromosome		NT_187580.1	alt-scaffold	188315	chr10_KI270825v1_alt	
GCF_000001405.26		ALT_REF_LOCI_1	11			GL383547.1	Chromosome		NW_003315936.1	alt-scaffold	154407	chr11_GL383547v1_alt	1
GCF_000001405.26		ALT_REF_LOCI_1	11			JH159136.1	Chromosome		NW_003871073.1	alt-scaffold	200998	chr11_JH159136v1_alt	1
GCF_000001405.26		ALT_REF_LOCI_1	11			JH159137.1	Chromosome		NW_003871074.1	alt-scaffold	191409	chr11_JH159137v1_alt	1
GCF_000001405.26		ALT_REF_LOCI_1	11			KI270826.1	Chromosome		NT_187581.1	alt-scaffold	186169	chr11_KI270826v1_alt	1
GCF_000001405.26		ALT_REF_LOCI_1	11			KI270827.1	Chromosome		NT_187582.1	alt-scaffold	67707	chr11_KI270827v1_alt	1
GCF_000001405.26		ALT_REF_LOCI_1	11			KI270829.1	Chromosome		NT_187583.1	alt-scaffold	204059	chr11_KI270829v1_alt	1
GCF_000001405.26		ALT_REF_LOCI_1	11			KI270830.1	Chromosome		NT_187584.1	alt-scaffold	177092	chr11_KI270830v1_alt	1
GCF_000001405.26		ALT_REF_LOCI_1	11			KI270831.1	Chromosome		NT_187585.1	alt-scaffold	296895	chr11_KI270831v1_alt	1
GCF_000001405.26		ALT_REF_LOCI_1	11			KI270832.1	Chromosome		NT_187586.1	alt-scaffold	210133	chr11_KI270832v1_alt	1
GCF_000001405.26		ALT_REF_LOCI_1	12			GL383549.1	Chromosome		NW_003315938.1	alt-scaffold	120804	chr12_GL383549v1_alt	
GCF_000001405.26		ALT_REF_LOCI_1	12			GL383550.2	Chromosome		NW_003315939.2	alt-scaffold	169178	chr12_GL383550v2_alt	
GCF_000001405.26		ALT_REF_LOCI_1	12			GL383551.1	Chromosome		NW_003315940.1	alt-scaffold	184319	chr12_GL383551v1_alt	
GCF_000001405.26		ALT_REF_LOCI_1	12			GL383552.1	Chromosome		NW_003315941.1	alt-scaffold	138655	chr12_GL383552v1_alt	
GCF_000001405.26		ALT_REF_LOCI_1	12			GL383553.2	Chromosome		NW_003315942.2	alt-scaffold	152874	chr12_GL383553v2_alt	
GCF_000001405.26		ALT_REF_LOCI_1	12			GL877875.1	Chromosome		NW_003571049.1	alt-scaffold	167313	chr12_GL877875v1_alt	
GCF_000001405.26		ALT_REF_LOCI_1	12			GL877876.1	Chromosome		NW_003571050.1	alt-scaffold	408271	chr12_GL877876v1_alt	
GCF_000001405.26		ALT_REF_LOCI_1	12			KI270833.1	Chromosome		NT_187589.1	alt-scaffold	76061	chr12_KI270833v1_alt	
GCF_000001405.26		ALT_REF_LOCI_1	12			KI270834.1	Chromosome		NT_187590.1	alt-scaffold	119498	chr12_KI270834v1_alt	
GCF_000001405.26		ALT_REF_LOCI_1	12			KI270835.1	Chromosome		NT_187587.1	alt-scaffold	238139	chr12_KI270835v1_alt	
GCF_000001405.26		ALT_REF_LOCI_1	12			KI270836.1	Chromosome		NT_187591.1	alt-scaffold	56134	chr12_KI270836v1_alt	
GCF_000001405.26		ALT_REF_LOCI_1	12			KI270837.1	Chromosome		NT_187588.1	alt-scaffold	40090	chr12_KI270837v1_alt	
GCF_000001405.26		ALT_REF_LOCI_1	13			KI270838.1	Chromosome		NT_187592.1	alt-scaffold	306913	chr13_KI270838v1_alt	
GCF_000001405.26		ALT_REF_LOCI_1	13			KI270839.1	Chromosome		NT_187593.1	alt-scaffold	180306	chr13_KI270839v1_alt	
GCF_000001405.26		ALT_REF_LOCI_1	13			KI270840.1	Chromosome		NT_187594.1	alt-scaffold	191684	chr13_KI270840v1_alt	
GCF_000001405.26		ALT_REF_LOCI_1	13			KI270841.1	Chromosome		NT_187595.1	alt-scaffold	169134	chr13_KI270841v1_alt	
GCF_000001405.26		ALT_REF_LOCI_1	13			KI270842.1	Chromosome		NT_187596.1	alt-scaffold	37287	chr13_KI270842v1_alt	
GCF_000001405.26		ALT_REF_LOCI_1	13			KI270843.1	Chromosome		NT_187597.1	alt-scaffold	103832	chr13_KI270843v1_alt	
GCF_000001405.26		ALT_REF_LOCI_1	14			KI270844.1	Chromosome		NT_187598.1	alt-scaffold	322166	chr14_KI270844v1_alt	8
GCF_000001405.26		ALT_REF_LOCI_1	14			KI270845.1	Chromosome		NT_187599.1	alt-scaffold	180703	chr14_KI270845v1_alt	8
GCF_000001405.26		ALT_REF_LOCI_1	14			KI270846.1	Chromosome		NT_187600.1	alt-scaffold	1351393	chr14_KI270846v1_alt	8
GCF_000001405.26		ALT_REF_LOCI_1	14			KI270847.1	Chromosome		NT_187601.1	alt-scaffold	1511111	chr14_KI270847v1_alt	8
GCF_000001405.26		ALT_REF_LOCI_1	15			GL383554.1	Chromosome		NW_003315943.1	alt-scaffold	296527	chr15_GL383554v1_alt	1
GCF_000001405.26		ALT_REF_LOCI_1	15			GL383555.2	Chromosome		NW_003315944.2	alt-scaffold	388773	chr15_GL383555v2_alt	1
GCF_000001405.26		ALT_REF_LOCI_1	15			KI270848.1	Chromosome		NT_187603.1	alt-scaffold	327382	chr15_KI270848v1_alt	1
GCF_000001405.26		ALT_REF_LOCI_1	15			KI270849.1	Chromosome		NT_187605.1	alt-scaffold	244917	chr15_KI270849v1_alt	1
GCF_000001405.26		ALT_REF_LOCI_1	15			KI270850.1	Chromosome		NT_187606.1	alt-scaffold	430880	chr15_KI270850v1_alt	1
GCF_000001405.26		ALT_REF_LOCI_1	15			KI270851.1	Chromosome		NT_187604.1	alt-scaffold	263054	chr15_KI270851v1_alt	1
GCF_000001405.26		ALT_REF_LOCI_1	15			KI270852.1	Chromosome		NT_187602.1	alt-scaffold	478999	chr15_KI270852v1_alt	1
GCF_000001405.26		ALT_REF_LOCI_1	16			GL383556.1	Chromosome		NW_003315945.1	alt-scaffold	192462	chr16_GL383556v1_alt	1
GCF_000001405.26		ALT_REF_LOCI_1	16			GL383557.1	Chromosome		NW_003315946.1	alt-scaffold	89672	chr16_GL383557v1_alt	1
GCF_000001405.26		ALT_REF_LOCI_1	16			KI270853.1	Chromosome		NT_187607.1	alt-scaffold	2659700	chr16_KI270853v1_alt	1
GCF_000001405.26		ALT_REF_LOCI_1	16			KI270854.1	Chromosome		NT_187610.1	alt-scaffold	134193	chr16_KI270854v1_alt	1
GCF_000001405.26		ALT_REF_LOCI_1	16			KI270855.1	Chromosome		NT_187608.1	alt-scaffold	232857	chr16_KI270855v1_alt	1
GCF_000001405.26		ALT_REF_LOCI_1	16			KI270856.1	Chromosome		NT_187609.1	alt-scaffold	63982	chr16_KI270856v1_alt	1
GCF_000001405.26		ALT_REF_LOCI_1	17			GL000258.2	Chromosome		NT_167251.2	alt-scaffold	1821992	chr17_GL000258v2_alt	3
GCF_000001405.26		ALT_REF_LOCI_1	17			GL383563.3	Chromosome		NW_003315952.3	alt-scaffold	375691	chr17_GL383563v3_alt	3
GCF_000001405.26		ALT_REF_LOCI_1	17			GL383564.2	Chromosome		NW_003315953.2	alt-scaffold	133151	chr17_GL383564v2_alt	3
GCF_000001405.26		ALT_REF_LOCI_1	17			GL383565.1	Chromosome		NW_003315954.1	alt-scaffold	223995	chr17_GL383565v1_alt	3
GCF_000001405.26		ALT_REF_LOCI_1	17			GL383566.1	Chromosome		NW_003315955.1	alt-scaffold	90219	chr17_GL383566v1_alt	3
GCF_000001405.26		ALT_REF_LOCI_1	17			JH159146.1	Chromosome		NW_003871091.1	alt-scaffold	278131	chr17_JH159146v1_alt	3
GCF_000001405.26		ALT_REF_LOCI_1	17			JH159147.1	Chromosome		NW_003871092.1	alt-scaffold	70345	chr17_JH159147v1_alt	3
GCF_000001405.26		ALT_REF_LOCI_1	17			KI270857.1	Chromosome		NT_187614.1	alt-scaffold	2877074	chr17_KI270857v1_alt	3
GCF_000001405.26		ALT_REF_LOCI_1	17			KI270858.1	Chromosome		NT_187615.1	alt-scaffold	235827	chr17_KI270858v1_alt	3
GCF_000001405.26		ALT_REF_LOCI_1	17			KI270859.1	Chromosome		NT_187616.1	alt-scaffold	108763	chr17_KI270859v1_alt	3
GCF_000001405.26		ALT_REF_LOCI_1	17			KI270860.1	Chromosome		NT_187612.1	alt-scaffold	178921	chr17_KI270860v1_alt	3
GCF_000001405.26		ALT_REF_LOCI_1	17			KI270861.1	Chromosome		NT_187611.1	alt-scaffold	196688	chr17_KI270861v1_alt	3
GCF_000001405.26		ALT_REF_LOCI_1	17			KI270862.1	Chromosome		NT_187613.1	alt-scaffold	391357	chr17_KI270862v1_alt	3
GCF_000001405.26		ALT_REF_LOCI_1	18			GL383567.1	Chromosome		NW_003315956.1	alt-scaffold	289831	chr18_GL383567v1_alt	
GCF_000001405.26		ALT_REF_LOCI_1	18			GL383568.1	Chromosome		NW_003315957.1	alt-scaffold	104552	chr18_GL383568v1_alt	
GCF_000001405.26		ALT_REF_LOCI_1	18			GL383569.1	Chromosome		NW_003315958.1	alt-scaffold	167950	chr18_GL383569v1_alt	
GCF_000001405.26		ALT_REF_LOCI_1	18			GL383570.1	Chromosome		NW_003315959.1	alt-scaffold	164789	chr18_GL383570v1_alt	
GCF_000001405.26		ALT_REF_LOCI_1	18			GL383571.1	Chromosome		NW_003315960.1	alt-scaffold	198278	chr18_GL383571v1_alt	
GCF_000001405.26		ALT_REF_LOCI_1	18			GL383572.1	Chromosome		NW_003315961.1	alt-scaffold	159547	chr18_GL383572v1_alt	
GCF_000001405.26		ALT_REF_LOCI_1	18			KI270863.1	Chromosome		NT_187617.1	alt-scaffold	167999	chr18_KI270863v1_alt	
GCF_000001405.26		ALT_REF_LOCI_1	18			KI270864.1	Chromosome		NT_187618.1	alt-scaffold	111737	chr18_KI270864v1_alt	
GCF_000001405.26		ALT_REF_LOCI_1	19			GL383573.1	Chromosome		NW_003315962.1	alt-scaffold	385657	chr19_GL383573v1_alt	
GCF_000001405.26		ALT_REF_LOCI_1	19			GL383574.1	Chromosome		NW_003315963.1	alt-scaffold	155864	chr19_GL383574v1_alt	
GCF_000001405.26		ALT_REF_LOCI_1	19			GL383575.2	Chromosome		NW_003315964.2	alt-scaffold	170222	chr19_GL383575v2_alt	
GCF_000001405.26		ALT_REF_LOCI_1	19			GL383576.1	Chromosome		NW_003315965.1	alt-scaffold	188024	chr19_GL383576v1_alt	
GCF_000001405.26		ALT_REF_LOCI_1	19			GL949746.1	Chromosome		NW_003571054.1	alt-scaffold	987716	chr19_GL949746v1_alt	
GCF_000001405.26		ALT_REF_LOCI_1	19			KI270865.1	Chromosome		NT_187621.1	alt-scaffold	52969	chr19_KI270865v1_alt	
GCF_000001405.26		ALT_REF_LOCI_1	19			KI270866.1	Chromosome		NT_187619.1	alt-scaffold	43156	chr19_KI270866v1_alt	
GCF_000001405.26		ALT_REF_LOCI_1	19			KI270867.1	Chromosome		NT_187620.1	alt-scaffold	233762	chr19_KI270867v1_alt	
GCF_000001405.26		ALT_REF_LOCI_1	19			KI270868.1	Chromosome		NT_187622.1	alt-scaffold	61734	chr19_KI270868v1_alt	
GCF_000001405.26		ALT_REF_LOCI_1	20			GL383577.2	Chromosome		NW_003315966.2	alt-scaffold	128386	chr20_GL383577v2_alt	
GCF_000001405.26		ALT_REF_LOCI_1	20			KI270869.1	Chromosome		NT_187623.1	alt-scaffold	118774	chr20_KI270869v1_alt	
GCF_000001405.26		ALT_REF_LOCI_1	20			KI270870.1	Chromosome		NT_187624.1	alt-scaffold	183433	chr20_KI270870v1_alt	
GCF_000001405.26		ALT_REF_LOCI_1	20			KI270871.1	Chromosome		NT_187625.1	alt-scaffold	58661	chr20_KI270871v1_alt	
GCF_000001405.26		ALT_REF_LOCI_1	21			GL383578.2	Chromosome		NW_003315967.2	alt-scaffold	63917	chr21_GL383578v2_alt	
GCF_000001405.26		ALT_REF_LOCI_1	21			GL383579.2	Chromosome		NW_003315968.2	alt-scaffold	201197	chr21_GL383579v2_alt	
GCF_000001405.26		ALT_REF_LOCI_1	21			GL383580.2	Chromosome		NW_003315969.2	alt-scaffold	74653	chr21_GL383580v2_alt	
GCF_000001405.26		ALT_REF_LOCI_1	21			GL383581.2	Chromosome		NW_003315970.2	alt-scaffold	116689	chr21_GL383581v2_alt	
GCF_000001405.26		ALT_REF_LOCI_1	21			KI270872.1	Chromosome		NT_187626.1	alt-scaffold	82692	chr21_KI270872v1_alt	
GCF_000001405.26		ALT_REF_LOCI_1	21			KI270873.1	Chromosome		NT_187627.1	alt-scaffold	143900	chr21_KI270873v1_alt	
GCF_000001405.26		ALT_REF_LOCI_1	21			KI270874.1	Chromosome		NT_187628.1	alt-scaffold	166743	chr21_KI270874v1_alt	
GCF_000001405.26		ALT_REF_LOCI_1	22			GL383582.2	Chromosome		NW_003315971.2	alt-scaffold	162811	chr22_GL383582v2_alt	9
GCF_000001405.26		ALT_REF_LOCI_1	22			GL383583.2	Chromosome		NW_003315972.2	alt-scaffold	96924	chr22_GL383583v2_alt	9
GCF_000001405.26		ALT_REF_LOCI_1	22			KI270875.1	Chromosome		NT_187629.1	alt-scaffold	259914	chr22_KI270875v1_alt	9
GCF_000001405.26		ALT_REF_LOCI_1	22			KI270876.1	Chromosome		NT_187630.1	alt-scaffold	263666	chr22_KI270876v1_alt	9
GCF_000001405.26		ALT_REF_LOCI_1	22			KI270877.1	Chromosome		NT_187631.1	alt-scaffold	101331	chr22_KI270877v1_alt	9
GCF_000001405.26		ALT_REF_LOCI_1	22			KI270878.1	Chromosome		NT_187632.1	alt-scaffold	186262	chr22_KI270878v1_alt	9
GCF_000001405.26		ALT_REF_LOCI_1	22			KI270879.1	Chromosome		NT_187633.1	alt-scaffold	304135	chr22_KI270879v1_alt	9
GCF_000001405.26		ALT_REF_LOCI_1	X			KI270880.1	Chromosome		NT_187634.1	alt-scaffold	284869	chrX_KI270880v1_alt	
GCF_000001405.26		ALT_REF_LOCI_1	X			KI270881.1	Chromosome		NT_187635.1	alt-scaffold	144206	chrX_KI270881v1_alt	
GCF_000001405.26		ALT_REF_LOCI_2	1			KI270892.1	Chromosome		NT_187646.1	alt-scaffold	162212	chr1_KI270892v1_alt	9
GCF_000001405.26		ALT_REF_LOCI_2	2			KI270893.1	Chromosome		NT_187647.1	alt-scaffold	161218	chr2_KI270893v1_alt	2
GCF_000001405.26		ALT_REF_LOCI_2	2			KI270894.1	Chromosome		NT_187648.1	alt-scaffold	214158	chr2_KI270894v1_alt	2
GCF_000001405.26		ALT_REF_LOCI_2	3			KI270895.1	Chromosome		NT_187649.1	alt-scaffold	162896	chr3_KI270895v1_alt	1
GCF_000001405.26		ALT_REF_LOCI_2	4			KI270896.1	Chromosome		NT_187650.1	alt-scaffold	378547	chr4_KI270896v1_alt	1
GCF_000001405.26		ALT_REF_LOCI_2	5			KI270897.1	Chromosome		NT_187651.1	alt-scaffold	1144418	chr5_KI270897v1_alt	1
GCF_000001405.26		ALT_REF_LOCI_2	5			KI270898.1	Chromosome		NT_187652.1	alt-scaffold	130957	chr5_KI270898v1_alt	1
GCF_000001405.26		ALT_REF_LOCI_2	6			GL000251.2	Chromosome		NT_113891.3	alt-scaffold	4795265	chr6_GL000251v2_alt	
GCF_000001405.26		ALT_REF_LOCI_2	7			KI270899.1	Chromosome		NT_187653.1	alt-scaffold	190869	chr7_KI270899v1_alt	
GCF_000001405.26		ALT_REF_LOCI_2	8			KI270900.1	Chromosome		NT_187654.1	alt-scaffold	318687	chr8_KI270900v1_alt	
GCF_000001405.26		ALT_REF_LOCI_2	8			KI270901.1	Chromosome		NT_187655.1	alt-scaffold	136959	chr8_KI270901v1_alt	
GCF_000001405.26		ALT_REF_LOCI_2	11			KI270902.1	Chromosome		NT_187656.1	alt-scaffold	106711	chr11_KI270902v1_alt	1
GCF_000001405.26		ALT_REF_LOCI_2	11			KI270903.1	Chromosome		NT_187657.1	alt-scaffold	214625	chr11_KI270903v1_alt	1
GCF_000001405.26		ALT_REF_LOCI_2	12			KI270904.1	Chromosome		NT_187658.1	alt-scaffold	572349	chr12_KI270904v1_alt	
GCF_000001405.26		ALT_REF_LOCI_2	15			KI270905.1	Chromosome		NT_187660.1	alt-scaffold	5161414	chr15_KI270905v1_alt	1
GCF_000001405.26		ALT_REF_LOCI_2	15			KI270906.1	Chromosome		NT_187659.1	alt-scaffold	196384	chr15_KI270906v1_alt	1
GCF_000001405.26		ALT_REF_LOCI_2	17			JH159148.1	Chromosome		NW_003871093.1	alt-scaffold	88070	chr17_JH159148v1_alt	3
GCF_000001405.26		ALT_REF_LOCI_2	17			KI270907.1	Chromosome		NT_187662.1	alt-scaffold	137721	chr17_KI270907v1_alt	3
GCF_000001405.26		ALT_REF_LOCI_2	17			KI270908.1	Chromosome		NT_187663.1	alt-scaffold	1423190	chr17_KI270908v1_alt	3
GCF_000001405.26		ALT_REF_LOCI_2	17			KI270909.1	Chromosome		NT_187661.1	alt-scaffold	325800	chr17_KI270909v1_alt	3
GCF_000001405.26		ALT_REF_LOCI_2	17			KI270910.1	Chromosome		NT_187664.1	alt-scaffold	157099	chr17_KI270910v1_alt	3
GCF_000001405.26		ALT_REF_LOCI_2	18			KI270911.1	Chromosome		NT_187666.1	alt-scaffold	157710	chr18_KI270911v1_alt	
GCF_000001405.26		ALT_REF_LOCI_2	18			KI270912.1	Chromosome		NT_187665.1	alt-scaffold	174061	chr18_KI270912v1_alt	
GCF_000001405.26		ALT_REF_LOCI_2	19			GL949747.2	Chromosome		NW_003571055.2	alt-scaffold	729520	chr19_GL949747v2_alt	
GCF_000001405.26		ALT_REF_LOCI_2	22			KB663609.1	Chromosome		NW_004504305.1	alt-scaffold	74013	chr22_KB663609v1_alt	9
GCF_000001405.26		ALT_REF_LOCI_2	X			KI270913.1	Chromosome		NT_187667.1	alt-scaffold	274009	chrX_KI270913v1_alt	
GCF_000001405.26		ALT_REF_LOCI_3	3			KI270924.1	Chromosome		NT_187678.1	alt-scaffold	166540	chr3_KI270924v1_alt	1
GCF_000001405.26		ALT_REF_LOCI_3	4			KI270925.1	Chromosome		NT_187679.1	alt-scaffold	555799	chr4_KI270925v1_alt	1
GCF_000001405.26		ALT_REF_LOCI_3	6			GL000252.2	Chromosome		NT_167245.2	alt-scaffold	4604811	chr6_GL000252v2_alt	
GCF_000001405.26		ALT_REF_LOCI_3	8			KI270926.1	Chromosome		NT_187680.1	alt-scaffold	229282	chr8_KI270926v1_alt	
GCF_000001405.26		ALT_REF_LOCI_3	11			KI270927.1	Chromosome		NT_187681.1	alt-scaffold	218612	chr11_KI270927v1_alt	1
GCF_000001405.26		ALT_REF_LOCI_3	19			GL949748.2	Chromosome		NW_003571056.2	alt-scaffold	1064304	chr19_GL949748v2_alt	
GCF_000001405.26		ALT_REF_LOCI_3	22			KI270928.1	Chromosome		NT_187682.1	alt-scaffold	176103	chr22_KI270928v1_alt	9
GCF_000001405.26		ALT_REF_LOCI_4	3			KI270934.1	Chromosome		NT_187688.1	alt-scaffold	163458	chr3_KI270934v1_alt	1
GCF_000001405.26		ALT_REF_LOCI_4	6			GL000253.2	Chromosome		NT_167246.2	alt-scaffold	4677643	chr6_GL000253v2_alt	
GCF_000001405.26		ALT_REF_LOCI_4	19			GL949749.2	Chromosome		NW_003571057.2	alt-scaffold	1091841	chr19_GL949749v2_alt	
GCF_000001405.26		ALT_REF_LOCI_5	3			KI270935.1	Chromosome		NT_187689.1	alt-scaffold	197351	chr3_KI270935v1_alt	1
GCF_000001405.26		ALT_REF_LOCI_5	6			GL000254.2	Chromosome		NT_167247.2	alt-scaffold	4827813	chr6_GL000254v2_alt	
GCF_000001405.26		ALT_REF_LOCI_5	19			GL949750.2	Chromosome		NW_003571058.2	alt-scaffold	1066390	chr19_GL949750v2_alt	
GCF_000001405.26		ALT_REF_LOCI_6	3			KI270936.1	Chromosome		NT_187690.1	alt-scaffold	164170	chr3_KI270936v1_alt	1
GCF_000001405.26		ALT_REF_LOCI_6	6			GL000255.2	Chromosome		NT_167248.2	alt-scaffold	4606388	chr6_GL000255v2_alt	
GCF_000001405.26		ALT_REF_LOCI_6	19			GL949751.2	Chromosome		NW_003571059.2	alt-scaffold	1002683	chr19_GL949751v2_alt	
GCF_000001405.26		ALT_REF_LOCI_7	3			KI270937.1	Chromosome		NT_187691.1	alt-scaffold	165607	chr3_KI270937v1_alt	1
GCF_000001405.26		ALT_REF_LOCI_7	6			GL000256.2	Chromosome		NT_167249.2	alt-scaffold	4929269	chr6_GL000256v2_alt	
GCF_000001405.26		ALT_REF_LOCI_7	19			GL949752.1	Chromosome		NW_003571060.1	alt-scaffold	987100	chr19_GL949752v1_alt	
GCF_000001405.26		ALT_REF_LOCI_8	6			KI270758.1	Chromosome		NT_187692.1	alt-scaffold	76752	chr6_KI270758v1_alt	
GCF_000001405.26		ALT_REF_LOCI_8	19			GL949753.2	Chromosome		NW_003571061.2	alt-scaffold	796479	chr19_GL949753v2_alt	
GCF_000001405.26		ALT_REF_LOCI_9	19			KI270938.1	Chromosome		NT_187693.1	alt-scaffold	1066800	chr19_KI270938v1_alt	
GCF_000001405.26		ALT_REF_LOCI_10	19			KI270882.1	Chromosome		NT_187636.1	alt-scaffold	248807	chr19_KI270882v1_alt	
GCF_000001405.26		ALT_REF_LOCI_11	19			KI270883.1	Chromosome		NT_187637.1	alt-scaffold	170399	chr19_KI270883v1_alt	
GCF_000001405.26		ALT_REF_LOCI_12	19			KI270884.1	Chromosome		NT_187638.1	alt-scaffold	157053	chr19_KI270884v1_alt	
GCF_000001405.26		ALT_REF_LOCI_13	19			KI270885.1	Chromosome		NT_187639.1	alt-scaffold	171027	chr19_KI270885v1_alt	
GCF_000001405.26		ALT_REF_LOCI_14	19			KI270886.1	Chromosome		NT_187640.1	alt-scaffold	204239	chr19_KI270886v1_alt	
GCF_000001405.26		ALT_REF_LOCI_15	19			KI270887.1	Chromosome		NT_187641.1	alt-scaffold	209512	chr19_KI270887v1_alt	
GCF_000001405.26		ALT_REF_LOCI_16	19			KI270888.1	Chromosome		NT_187642.1	alt-scaffold	155532	chr19_KI270888v1_alt	
GCF_000001405.26		ALT_REF_LOCI_17	19			KI270889.1	Chromosome		NT_187643.1	alt-scaffold	170698	chr19_KI270889v1_alt	
GCF_000001405.26		ALT_REF_LOCI_18	19			KI270890.1	Chromosome		NT_187644.1	alt-scaffold	184499	chr19_KI270890v1_alt	
GCF_000001405.26		ALT_REF_LOCI_19	19			KI270891.1	Chromosome		NT_187645.1	alt-scaffold	170680	chr19_KI270891v1_alt	
GCF_000001405.26		ALT_REF_LOCI_20	19			KI270914.1	Chromosome		NT_187668.1	alt-scaffold	205194	chr19_KI270914v1_alt	
GCF_000001405.26		ALT_REF_LOCI_21	19			KI270915.1	Chromosome		NT_187669.1	alt-scaffold	170665	chr19_KI270915v1_alt	
GCF_000001405.26		ALT_REF_LOCI_22	19			KI270916.1	Chromosome		NT_187670.1	alt-scaffold	184516	chr19_KI270916v1_alt	
GCF_000001405.26		ALT_REF_LOCI_23	19			KI270917.1	Chromosome		NT_187671.1	alt-scaffold	190932	chr19_KI270917v1_alt	
GCF_000001405.26		ALT_REF_LOCI_24	19			KI270918.1	Chromosome		NT_187672.1	alt-scaffold	123111	chr19_KI270918v1_alt	
GCF_000001405.26		ALT_REF_LOCI_25	19			KI270919.1	Chromosome		NT_187673.1	alt-scaffold	170701	chr19_KI270919v1_alt	
GCF_000001405.26		ALT_REF_LOCI_26	19			KI270920.1	Chromosome		NT_187674.1	alt-scaffold	198005	chr19_KI270920v1_alt	
GCF_000001405.26		ALT_REF_LOCI_27	19			KI270921.1	Chromosome		NT_187675.1	alt-scaffold	282224	chr19_KI270921v1_alt	
GCF_000001405.26		ALT_REF_LOCI_28	19			KI270922.1	Chromosome		NT_187676.1	alt-scaffold	187935	chr19_KI270922v1_alt	
GCF_000001405.26		ALT_REF_LOCI_29	19			KI270923.1	Chromosome		NT_187677.1	alt-scaffold	189352	chr19_KI270923v1_alt	
GCF_000001405.26		ALT_REF_LOCI_30	19			KI270929.1	Chromosome		NT_187683.1	alt-scaffold	186203	chr19_KI270929v1_alt	
GCF_000001405.26		ALT_REF_LOCI_31	19			KI270930.1	Chromosome		NT_187684.1	alt-scaffold	200773	chr19_KI270930v1_alt	
GCF_000001405.26		ALT_REF_LOCI_32	19			KI270931.1	Chromosome		NT_187685.1	alt-scaffold	170148	chr19_KI270931v1_alt	
GCF_000001405.26		ALT_REF_LOCI_33	19			KI270932.1	Chromosome		NT_187686.1	alt-scaffold	215732	chr19_KI270932v1_alt	
GCF_000001405.26		ALT_REF_LOCI_34	19			KI270933.1	Chromosome		NT_187687.1	alt-scaffold	170537	chr19_KI270933v1_alt	
GCF_000001405.26		ALT_REF_LOCI_35	19			GL000209.2	Chromosome		NT_113949.2	alt-scaffold	177381	chr19_GL000209v2_alt	
GCF_000001405.26		non-nuclear	MT	7350	44	J01415.2	Mitochondrion		NC_012920.1	assembled-molecule	16569	chrM	
